{
  "images" : [
    {
      "idiom" : "universal",
      "filename" : "路径 + 路径 + 路径 + 路径 + 路径 + 路径 + 路径 + 路径 + 路径 Mask Copy 5.png",
      "scale" : "1x"
    },
    {
      "idiom" : "universal",
      "filename" : "路径 + 路径 + 路径 + 路径 + 路径 + 路径 + 路径 + 路径 + 路径 Mask Copy 5@2x.png",
      "scale" : "2x"
    },
    {
      "idiom" : "universal",
      "filename" : "路径 + 路径 + 路径 + 路径 + 路径 + 路径 + 路径 + 路径 + 路径 Mask Copy 5@3x.png",
      "scale" : "3x"
    }
  ],
  "info" : {
    "version" : 1,
    "author" : "xcode"
  }
}